{"cameraMode":{"drawMode":0,"name":"Shaded","section":"Shading Mode"},"sceneLighting":false,"audioPlay":false,"sceneViewState":{"showFog":true,"showMaterialUpdate":false,"showSkybox":false,"showFlares":true,"showImageEffects":true,"showParticleSystems":true,"showVisualEffectGraphs":true,"m_FxEnabled":true},"in2DMode":false,"pivot":{"x":-2.6600003242492677,"y":0.07514137029647827,"z":-3.5734996795654299},"rotation":{"x":0.1131855845451355,"y":0.20007510483264924,"z":-0.023267781361937524,"w":0.9729543924331665},"size":0.9895205497741699,"orthographic":true}