{"cameraMode":{"drawMode":0,"name":"Shaded","section":"Shading Mode"},"sceneLighting":false,"audioPlay":false,"sceneViewState":{"showFog":true,"showMaterialUpdate":false,"showSkybox":false,"showFlares":true,"showImageEffects":true,"showParticleSystems":true,"showVisualEffectGraphs":true,"m_FxEnabled":true},"in2DMode":false,"pivot":{"x":0.12499997019767761,"y":0.00378534197807312,"z":0.004125058650970459},"rotation":{"x":-0.032237183302640918,"y":0.9660050868988037,"z":-0.1492690145969391,"w":-0.20862291753292085},"size":1.0698927640914918,"orthographic":true}