{"cameraMode":{"drawMode":0,"name":"Shaded","section":"Shading Mode"},"sceneLighting":false,"audioPlay":false,"sceneViewState":{"showFog":true,"showMaterialUpdate":false,"showSkybox":false,"showFlares":true,"showImageEffects":true,"showParticleSystems":true,"showVisualEffectGraphs":true,"m_FxEnabled":true},"in2DMode":false,"pivot":{"x":0.11999988555908203,"y":7.40000057220459,"z":13.029741287231446},"rotation":{"x":0.08333805203437805,"y":0.29326438903808596,"z":-0.02566293254494667,"w":0.9520578980445862},"size":25.341506958007814,"orthographic":true}