{"cameraMode":{"drawMode":0,"name":"Shaded","section":"Shading Mode"},"sceneLighting":false,"audioPlay":false,"sceneViewState":{"showFog":true,"showMaterialUpdate":false,"showSkybox":false,"showFlares":true,"showImageEffects":true,"showParticleSystems":true,"showVisualEffectGraphs":true,"m_FxEnabled":true},"in2DMode":false,"pivot":{"x":-1.0399999618530274,"y":3.490000009536743,"z":-3.190000057220459},"rotation":{"x":-0.051279764622449878,"y":-0.017378399148583413,"z":0.0008912072516977787,"w":-0.9985393285751343},"size":2.818279504776001,"orthographic":true}