{"cameraMode":{"drawMode":0,"name":"Shaded","section":"Shading Mode"},"sceneLighting":false,"audioPlay":false,"sceneViewState":{"showFog":true,"showMaterialUpdate":false,"showSkybox":false,"showFlares":true,"showImageEffects":true,"showParticleSystems":true,"showVisualEffectGraphs":true,"m_FxEnabled":true},"in2DMode":false,"pivot":{"x":-0.5890817642211914,"y":7.410447120666504,"z":13.44333553314209},"rotation":{"x":0.06775793433189392,"y":-0.004181235563009977,"z":0.0002916265220846981,"w":0.9977037906646729},"size":15.773016929626465,"orthographic":true}