{"cameraMode":{"drawMode":0,"name":"Shaded","section":"Shading Mode"},"sceneLighting":true,"audioPlay":false,"sceneViewState":{"showFog":true,"showMaterialUpdate":false,"showSkybox":false,"showFlares":true,"showImageEffects":true,"showParticleSystems":true,"showVisualEffectGraphs":true,"m_FxEnabled":true},"in2DMode":false,"pivot":{"x":1.0619850158691407,"y":4.359445095062256,"z":23.412370681762697},"rotation":{"x":0.14629226922988892,"y":-0.2504885792732239,"z":0.03833022341132164,"w":0.9562497138977051},"size":14.081328392028809,"orthographic":false}