{"cameraMode":{"drawMode":0,"name":"Shaded","section":"Shading Mode"},"sceneLighting":true,"audioPlay":false,"sceneViewState":{"showFog":true,"showMaterialUpdate":false,"showSkybox":false,"showFlares":true,"showImageEffects":true,"showParticleSystems":true,"showVisualEffectGraphs":true,"m_FxEnabled":true},"in2DMode":false,"pivot":{"x":-0.5714038610458374,"y":9.160411834716797,"z":14.045150756835938},"rotation":{"x":0.06775793433189392,"y":-0.004181235563009977,"z":0.0002916265220846981,"w":0.9977037906646729},"size":12.936243057250977,"orthographic":true}