{"cameraMode":{"drawMode":0,"name":"Shaded","section":"Shading Mode"},"sceneLighting":true,"audioPlay":false,"sceneViewState":{"showFog":true,"showMaterialUpdate":false,"showSkybox":false,"showFlares":true,"showImageEffects":true,"showParticleSystems":true,"showVisualEffectGraphs":true,"m_FxEnabled":true},"in2DMode":false,"pivot":{"x":2.1895503997802736,"y":2.5396485328674318,"z":-2.9000000953674318},"rotation":{"x":0.0842473953962326,"y":0.18308497965335847,"z":-0.015741752460598947,"w":0.9793654084205627},"size":2.0766677856445314,"orthographic":true}